{
  "project_info": {
    "project_number": "610619097298",
    "firebase_url": "https://networkproject-868b4-default-rtdb.asia-southeast1.firebasedatabase.app",
    "project_id": "networkproject-868b4",
    "storage_bucket": "networkproject-868b4.firebasestorage.app"
  },
  "client": [
    {
      "client_info": {
        "mobilesdk_app_id": "1:610619097298:android:5f6a4307b3432550f86d0b",
        "android_client_info": {
          "package_name": "com.HTeam.NetworkProject"
        }
      },
      "oauth_client": [],
      "api_key": [
        {
          "current_key": "AIzaSyBf7of188m1_KRAnRg77z8fEb73t2YnZf0"
        }
      ],
      "services": {
        "appinvite_service": {
          "other_platform_oauth_client": []
        }
      }
    }
  ],
  "configuration_version": "1"
}